id,technology,country,population
NA19238,ILLUMINA,Africa,Yoruba in Ibadan, Nigeria
NA19239,ILLUMINA,Africa,Yoruba in Ibadan, Nigeria
NA18550,ILLUMINA,East Asia,Han Chinese in Beijing, China
NA18570,ILLUMINA,East Asia,Han Chinese in Beijing, China
NA18582,ILLUMINA,East Asia,Han Chinese in Beijing, China
NA18558,ILLUMINA,East Asia,Han Chinese in Beijing, China
NA18576,ILLUMINA,NA,NA
NA18638,ILLUMINA,East Asia,Han Chinese in Beijing, China
NA18593,ILLUMINA,East Asia,Han Chinese in Beijing, China
NA18542,ILLUMINA,East Asia,Han Chinese in Beijing, China
NA18537,ILLUMINA,East Asia,Han Chinese in Beijing, China
NA18592,ILLUMINA,East Asia,Han Chinese in Beijing, China
NA18547,ILLUMINA,East Asia,Han Chinese in Beijing, China
NA18545,ILLUMINA,East Asia,Han Chinese in Beijing, China
NA18603,ILLUMINA,East Asia,Han Chinese in Beijing, China
NA18562,ILLUMINA,East Asia,Han Chinese in Beijing, China
NA18566,ILLUMINA,East Asia,Han Chinese in Beijing, China
NA18532,ILLUMINA,East Asia,Han Chinese in Beijing, China
NA18579,ILLUMINA,East Asia,Han Chinese in Beijing, China
NA18573,ILLUMINA,East Asia,Han Chinese in Beijing, China
NA18609,ILLUMINA,East Asia,Han Chinese in Beijing, China
NA18608,ILLUMINA,East Asia,Han Chinese in Beijing, China
NA18552,ILLUMINA,East Asia,Han Chinese in Beijing, China
NA18571,ILLUMINA,East Asia,Han Chinese in Beijing, China
NA18605,ILLUMINA,East Asia,Han Chinese in Beijing, China
NA12234,ILLUMINA,Europe,Utah residents with Northern and Western European ancestry
NA18944,ILLUMINA,East Asia,Japanese in Tokyo, Japan
NA07000,ILLUMINA,Europe,Utah residents with Northern and Western European ancestry
NA18973,ILLUMINA,East Asia,Japanese in Tokyo, Japan
NA07357,ILLUMINA,Europe,Utah residents with Northern and Western European ancestry
NA12776,ILLUMINA,Europe,Utah residents with Northern and Western European ancestry
NA18511,ILLUMINA,Africa,Yoruba in Ibadan, Nigeria
NA12414,ILLUMINA,Europe,Utah residents with Northern and Western European ancestry
NA19005,ILLUMINA,East Asia,Japanese in Tokyo, Japan
NA18952,ILLUMINA,East Asia,Japanese in Tokyo, Japan
NA18980,ILLUMINA,East Asia,Japanese in Tokyo, Japan
NA12043,ILLUMINA,Europe,Utah residents with Northern and Western European ancestry
NA18943,ILLUMINA,East Asia,Japanese in Tokyo, Japan
NA18947,ILLUMINA,East Asia,Japanese in Tokyo, Japan
NA12828,ILLUMINA,Europe,Utah residents with Northern and Western European ancestry
NA18577,ILLUMINA,East Asia,Han Chinese in Beijing, China
NA18563,ILLUMINA,East Asia,Han Chinese in Beijing, China
NA18561,ILLUMINA,East Asia,Han Chinese in Beijing, China
NA18572,ILLUMINA,East Asia,Han Chinese in Beijing, China
NA18555,ILLUMINA,East Asia,Han Chinese in Beijing, China
NA18526,ILLUMINA,East Asia,Han Chinese in Beijing, China
NA19201,ABI_SOLID,Africa,Yoruba in Ibadan, Nigeria
NA19171,ABI_SOLID,Africa,Yoruba in Ibadan, Nigeria
NA18912,ABI_SOLID,Africa,Yoruba in Ibadan, Nigeria
NA19137,ABI_SOLID,Africa,Yoruba in Ibadan, Nigeria
NA19210,ABI_SOLID,Africa,Yoruba in Ibadan, Nigeria
NA18504,ABI_SOLID,Africa,Yoruba in Ibadan, Nigeria
NA18870,ABI_SOLID,Africa,Yoruba in Ibadan, Nigeria
NA07051,ILLUMINA,Europe,Utah residents with Northern and Western European ancestry
NA10847,ILLUMINA,Europe,Utah residents with Northern and Western European ancestry
NA12249,ILLUMINA,Europe,Utah residents with Northern and Western European ancestry
NA12716,ILLUMINA,Europe,Utah residents with Northern and Western European ancestry
NA12717,ILLUMINA,Europe,Utah residents with Northern and Western European ancestry
NA12750,ILLUMINA,Europe,Utah residents with Northern and Western European ancestry
NA12751,ILLUMINA,Europe,Utah residents with Northern and Western European ancestry
NA12761,ILLUMINA,Europe,Utah residents with Northern and Western European ancestry
NA10851,ILLUMINA,Europe,Utah residents with Northern and Western European ancestry
NA18916,ILLUMINA,Africa,Yoruba in Ibadan, Nigeria
NA18951,ILLUMINA,East Asia,Japanese in Tokyo, Japan
NA18965,ILLUMINA,East Asia,Japanese in Tokyo, Japan
NA18861,ILLUMINA,Africa,Yoruba in Ibadan, Nigeria
NA18505,ILLUMINA,Africa,Yoruba in Ibadan, Nigeria
NA12044,ILLUMINA,Europe,Utah residents with Northern and Western European ancestry
NA18948,ILLUMINA,East Asia,Japanese in Tokyo, Japan
NA19225,ILLUMINA,Africa,Yoruba in Ibadan, Nigeria
NA18942,ILLUMINA,East Asia,Japanese in Tokyo, Japan
NA18858,ILLUMINA,Africa,Yoruba in Ibadan, Nigeria
NA18956,ILLUMINA,East Asia,Japanese in Tokyo, Japan
NA18502,ILLUMINA,Africa,Yoruba in Ibadan, Nigeria
NA12004,ILLUMINA,Europe,Utah residents with Northern and Western European ancestry
NA12287,ILLUMINA,Europe,Utah residents with Northern and Western European ancestry
NA19108,ILLUMINA,Africa,Yoruba in Ibadan, Nigeria
NA11881,ILLUMINA,Europe,Utah residents with Northern and Western European ancestry
NA12749,ILLUMINA,Europe,Utah residents with Northern and Western European ancestry
NA12144,ILLUMINA,Europe,Utah residents with Northern and Western European ancestry
NA11993,ILLUMINA,NA,NA
NA18508,ILLUMINA,Africa,Yoruba in Ibadan, Nigeria
NA19099,ILLUMINA,Africa,Yoruba in Ibadan, Nigeria
NA19257,ILLUMINA,Africa,Yoruba in Ibadan, Nigeria
NA18523,ILLUMINA,Africa,Yoruba in Ibadan, Nigeria
NA11894,ILLUMINA,Europe,Utah residents with Northern and Western European ancestry
NA19190,ILLUMINA,Africa,Yoruba in Ibadan, Nigeria
NA11931,ILLUMINA,Europe,Utah residents with Northern and Western European ancestry
NA12006,ILLUMINA,Europe,Utah residents with Northern and Western European ancestry
NA18949,ILLUMINA,East Asia,Japanese in Tokyo, Japan
NA12156,ILLUMINA,Europe,Utah residents with Northern and Western European ancestry
NA06985,ILLUMINA,Europe,Utah residents with Northern and Western European ancestry
NA07037,ILLUMINA,Europe,Utah residents with Northern and Western European ancestry
NA12763,ILLUMINA,Europe,Utah residents with Northern and Western European ancestry
NA12878,ILLUMINA,Europe,Utah residents with Northern and Western European ancestry
NA19138,ILLUMINA,Africa,Yoruba in Ibadan, Nigeria
NA18907,ILLUMINA,Africa,Yoruba in Ibadan, Nigeria
NA19129,ILLUMINA,Africa,Yoruba in Ibadan, Nigeria
NA19114,ILLUMINA,Africa,Yoruba in Ibadan, Nigeria
NA18517,ILLUMINA,Africa,Yoruba in Ibadan, Nigeria
NA19147,ILLUMINA,Africa,Yoruba in Ibadan, Nigeria
NA18909,ILLUMINA,Africa,Yoruba in Ibadan, Nigeria
NA19093,ILLUMINA,Africa,Yoruba in Ibadan, Nigeria
NA18501,ILLUMINA,Africa,Yoruba in Ibadan, Nigeria
NA11995,ILLUMINA,Europe,Utah residents with Northern and Western European ancestry
NA12891,ILLUMINA,NA,NA
NA12489,ILLUMINA,Europe,Utah residents with Northern and Western European ancestry
NA18507,ILLUMINA,Africa,Yoruba in Ibadan, Nigeria
NA18940,ILLUMINA,East Asia,Japanese in Tokyo, Japan
NA20529,ILLUMINA,Europe,Toscani in Italy
NA20518,ILLUMINA,Europe,Toscani in Italy
NA20510,ILLUMINA,Europe,Toscani in Italy
NA20524,ILLUMINA,Europe,Toscani in Italy
NA20522,ILLUMINA,Europe,Toscani in Italy
NA20508,ILLUMINA,Europe,Toscani in Italy
NA20512,ILLUMINA,Europe,Toscani in Italy
NA20517,ILLUMINA,Europe,Toscani in Italy
NA20525,ILLUMINA,Europe,Toscani in Italy
NA20521,ILLUMINA,Europe,Toscani in Italy
NA20502,ILLUMINA,Europe,Toscani in Italy
NA20520,ILLUMINA,Europe,Toscani in Italy
NA20509,ILLUMINA,Europe,Toscani in Italy
NA20506,ILLUMINA,Europe,Toscani in Italy
NA20505,ILLUMINA,Europe,Toscani in Italy
NA20527,ILLUMINA,Europe,Toscani in Italy
NA20530,ILLUMINA,Europe,Toscani in Italy
NA20531,ILLUMINA,Europe,Toscani in Italy
NA20528,ILLUMINA,Europe,Toscani in Italy
NA20519,ILLUMINA,Europe,Toscani in Italy
NA20752,ILLUMINA,Europe,Toscani in Italy
NA20535,ILLUMINA,Europe,Toscani in Italy
NA20538,ILLUMINA,Europe,Toscani in Italy
NA20544,ILLUMINA,Europe,Toscani in Italy
NA20585,ILLUMINA,Europe,Toscani in Italy
NA20504,ILLUMINA,Europe,Toscani in Italy
NA20589,ILLUMINA,Europe,Toscani in Italy
NA20757,ILLUMINA,Europe,Toscani in Italy
NA11893,ILLUMINA,Europe,Utah residents with Northern and Western European ancestry
NA12775,ILLUMINA,Europe,Utah residents with Northern and Western European ancestry
NA12347,ILLUMINA,Europe,Utah residents with Northern and Western European ancestry
NA12348,ILLUMINA,Europe,Utah residents with Northern and Western European ancestry
NA20513,ILLUMINA,Europe,Toscani in Italy
NA12383,ILLUMINA,Europe,Utah residents with Northern and Western European ancestry
NA20807,ILLUMINA,Europe,Toscani in Italy
NA20768,ILLUMINA,Europe,Toscani in Italy
NA20811,ILLUMINA,Europe,Toscani in Italy
NA20812,ILLUMINA,Europe,Toscani in Italy
NA20813,ILLUMINA,Europe,Toscani in Italy
NA20818,ILLUMINA,Europe,Toscani in Italy
NA20586,ILLUMINA,Europe,Toscani in Italy
NA20806,ILLUMINA,Europe,Toscani in Italy
NA20761,ILLUMINA,Europe,Toscani in Italy
NA20809,ILLUMINA,Europe,Toscani in Italy
NA20515,ILLUMINA,Europe,Toscani in Italy
NA20516,ILLUMINA,Europe,Toscani in Italy
NA07056,ILLUMINA,Europe,Utah residents with Northern and Western European ancestry
NA12777,ILLUMINA,Europe,Utah residents with Northern and Western European ancestry
NA12546,ILLUMINA,Europe,Utah residents with Northern and Western European ancestry
NA12778,ILLUMINA,Europe,Utah residents with Northern and Western European ancestry
NA12413,ILLUMINA,Europe,Utah residents with Northern and Western European ancestry
NA11892,ILLUMINA,Europe,Utah residents with Northern and Western European ancestry
NA20534,ILLUMINA,Europe,Toscani in Italy
NA20542,ILLUMINA,Europe,Toscani in Italy
NA20541,ILLUMINA,Europe,Toscani in Italy
NA20540,ILLUMINA,Europe,Toscani in Italy
NA20539,ILLUMINA,Europe,Toscani in Italy
NA20756,ILLUMINA,Europe,Toscani in Italy
NA20753,ILLUMINA,Europe,Toscani in Italy
NA20588,ILLUMINA,Europe,Toscani in Italy
NA20582,ILLUMINA,Europe,Toscani in Italy
NA20543,ILLUMINA,Europe,Toscani in Italy
NA20755,ILLUMINA,Europe,Toscani in Italy
NA20754,ILLUMINA,Europe,Toscani in Italy
NA20765,ILLUMINA,Europe,Toscani in Italy
NA20790,ILLUMINA,Europe,Toscani in Italy
NA20786,ILLUMINA,Europe,Toscani in Italy
NA20805,ILLUMINA,Europe,Toscani in Italy
NA20803,ILLUMINA,Europe,Toscani in Italy
NA20773,ILLUMINA,Europe,Toscani in Italy
NA20774,ILLUMINA,Europe,Toscani in Italy
NA20769,ILLUMINA,Europe,Toscani in Italy
NA20771,ILLUMINA,Europe,Toscani in Italy
NA20772,ILLUMINA,Europe,Toscani in Italy
NA20800,ILLUMINA,Europe,Toscani in Italy
NA20802,ILLUMINA,Europe,Toscani in Italy
NA20795,ILLUMINA,Europe,Toscani in Italy
NA20808,ILLUMINA,Europe,Toscani in Italy
NA20810,ILLUMINA,Europe,Toscani in Italy
NA19222,ILLUMINA,Africa,Yoruba in Ibadan, Nigeria
NA19189,ILLUMINA,Africa,Yoruba in Ibadan, Nigeria
NA20828,ILLUMINA,Europe,Toscani in Italy
NA20533,ILLUMINA,Europe,Toscani in Italy
NA20796,ILLUMINA,Europe,Toscani in Italy
NA20792,ILLUMINA,Europe,Toscani in Italy
NA19088,ILLUMINA,East Asia,Japanese in Tokyo, Japan
NA19087,ILLUMINA,East Asia,Japanese in Tokyo, Japan
NA20804,ILLUMINA,Europe,Toscani in Italy
NA20801,ILLUMINA,Europe,Toscani in Italy
NA20537,ILLUMINA,NA,NA
NA20775,ILLUMINA,Europe,Toscani in Italy
NA20787,ILLUMINA,Europe,Toscani in Italy
NA20785,ILLUMINA,Europe,Toscani in Italy
NA20778,ILLUMINA,Europe,Toscani in Italy
NA20783,ILLUMINA,Europe,Toscani in Italy
NA20770,ILLUMINA,Europe,Toscani in Italy
NA20581,ILLUMINA,Europe,Toscani in Italy
NA20799,ILLUMINA,Europe,Toscani in Italy
NA20797,ILLUMINA,Europe,Toscani in Italy
NA20758,ILLUMINA,Europe,Toscani in Italy
NA20759,ILLUMINA,Europe,Toscani in Italy
NA20760,ILLUMINA,Europe,Toscani in Italy
NA20819,ILLUMINA,Europe,Toscani in Italy
NA20816,ILLUMINA,NA,NA
NA20815,ILLUMINA,Europe,Toscani in Italy
NA20826,ILLUMINA,Europe,Toscani in Italy
NA19107,ILLUMINA,Africa,Yoruba in Ibadan, Nigeria
NA19256,ILLUMINA,Africa,Yoruba in Ibadan, Nigeria
NA11933,ILLUMINA,Europe,Utah residents with Northern and Western European ancestry
NA12046,ILLUMINA,Europe,Utah residents with Northern and Western European ancestry
NA12282,ILLUMINA,Europe,Utah residents with Northern and Western European ancestry
NA12283,ILLUMINA,Europe,Utah residents with Northern and Western European ancestry
NA12286,ILLUMINA,Europe,Utah residents with Northern and Western European ancestry
NA12748,ILLUMINA,Europe,Utah residents with Northern and Western European ancestry
NA12843,ILLUMINA,Europe,Utah residents with Northern and Western European ancestry
NA12889,ILLUMINA,Europe,Utah residents with Northern and Western European ancestry
NA12890,ILLUMINA,Europe,Utah residents with Northern and Western European ancestry
NA20507,ILLUMINA,Europe,Toscani in Italy
NA20503,ILLUMINA,Europe,Toscani in Italy
NA20514,ILLUMINA,Europe,Toscani in Italy
NA12827,ILLUMINA,Europe,Utah residents with Northern and Western European ancestry
NA12829,ILLUMINA,Europe,Utah residents with Northern and Western European ancestry
NA12830,ILLUMINA,Europe,Utah residents with Northern and Western European ancestry
NA12842,ILLUMINA,Europe,Utah residents with Northern and Western European ancestry
NA11930,ILLUMINA,Europe,Utah residents with Northern and Western European ancestry
NA11932,ILLUMINA,Europe,Utah residents with Northern and Western European ancestry
NA18632,ILLUMINA,East Asia,Han Chinese in Beijing, China
NA18624,ILLUMINA,East Asia,Han Chinese in Beijing, China
NA18633,ILLUMINA,East Asia,Han Chinese in Beijing, China
NA18611,ILLUMINA,East Asia,Han Chinese in Beijing, China
NA18612,ILLUMINA,East Asia,Han Chinese in Beijing, China
NA18620,ILLUMINA,East Asia,Han Chinese in Beijing, China
NA18621,ILLUMINA,East Asia,Han Chinese in Beijing, China
NA18622,ILLUMINA,East Asia,Han Chinese in Beijing, China
NA18636,ILLUMINA,East Asia,Han Chinese in Beijing, China
NA18623,ILLUMINA,East Asia,Han Chinese in Beijing, China
NA19443,ILLUMINA,Africa,Luhya in Webuye, Kenya
NA19462,ILLUMINA,Africa,Luhya in Webuye, Kenya
NA19429,ILLUMINA,Africa,Luhya in Webuye, Kenya
NA19438,ILLUMINA,Africa,Luhya in Webuye, Kenya
NA19437,ILLUMINA,Africa,Luhya in Webuye, Kenya
NA19313,ILLUMINA,NA,NA
NA19440,ILLUMINA,Africa,Luhya in Webuye, Kenya
NA19439,ILLUMINA,Africa,Luhya in Webuye, Kenya
NA19436,ILLUMINA,Africa,Luhya in Webuye, Kenya
NA19467,ILLUMINA,Africa,Luhya in Webuye, Kenya
NA19311,ILLUMINA,NA,NA
NA19451,ILLUMINA,Africa,Luhya in Webuye, Kenya
NA19463,ILLUMINA,Africa,Luhya in Webuye, Kenya
NA19457,ILLUMINA,Africa,Luhya in Webuye, Kenya
NA19445,ILLUMINA,Africa,Luhya in Webuye, Kenya
NA19435,ILLUMINA,Africa,Luhya in Webuye, Kenya
NA19466,ILLUMINA,Africa,Luhya in Webuye, Kenya
NA19452,ILLUMINA,Africa,Luhya in Webuye, Kenya
NA19469,ILLUMINA,NA,NA
NA19446,ILLUMINA,Africa,Luhya in Webuye, Kenya
NA19448,ILLUMINA,Africa,Luhya in Webuye, Kenya
NA19449,ILLUMINA,Africa,Luhya in Webuye, Kenya
NA19455,ILLUMINA,Africa,Luhya in Webuye, Kenya
NA19083,ILLUMINA,East Asia,Japanese in Tokyo, Japan
NA18977,ILLUMINA,East Asia,Japanese in Tokyo, Japan
NA18987,ILLUMINA,East Asia,Japanese in Tokyo, Japan
NA19010,ILLUMINA,East Asia,Japanese in Tokyo, Japan
NA19002,ILLUMINA,East Asia,Japanese in Tokyo, Japan
NA19084,ILLUMINA,East Asia,Japanese in Tokyo, Japan
NA19079,ILLUMINA,East Asia,Japanese in Tokyo, Japan
NA18991,ILLUMINA,East Asia,Japanese in Tokyo, Japan
NA19077,ILLUMINA,East Asia,Japanese in Tokyo, Japan
NA19078,ILLUMINA,East Asia,Japanese in Tokyo, Japan
NA18963,ILLUMINA,East Asia,Japanese in Tokyo, Japan
NA19076,ILLUMINA,East Asia,Japanese in Tokyo, Japan
NA19075,ILLUMINA,East Asia,Japanese in Tokyo, Japan
NA19074,ILLUMINA,East Asia,Japanese in Tokyo, Japan
NA19009,ILLUMINA,East Asia,Japanese in Tokyo, Japan
NA19085,ILLUMINA,East Asia,Japanese in Tokyo, Japan
NA18990,ILLUMINA,East Asia,Japanese in Tokyo, Japan
NA19072,ILLUMINA,East Asia,Japanese in Tokyo, Japan
NA18615,ILLUMINA,East Asia,Han Chinese in Beijing, China
NA18616,ILLUMINA,East Asia,Han Chinese in Beijing, China
NA18619,ILLUMINA,East Asia,Han Chinese in Beijing, China
NA18631,ILLUMINA,East Asia,Han Chinese in Beijing, China
NA18617,ILLUMINA,East Asia,Han Chinese in Beijing, China
NA18627,ILLUMINA,East Asia,Han Chinese in Beijing, China
NA18626,ILLUMINA,East Asia,Han Chinese in Beijing, China
NA18628,ILLUMINA,East Asia,Han Chinese in Beijing, China
NA18618,ILLUMINA,East Asia,Han Chinese in Beijing, China
NA18630,ILLUMINA,East Asia,Han Chinese in Beijing, China
NA18614,ILLUMINA,East Asia,Han Chinese in Beijing, China
NA12275,ILLUMINA,Europe,Utah residents with Northern and Western European ancestry
NA19355,ILLUMINA,Africa,Luhya in Webuye, Kenya
NA19359,ILLUMINA,NA,NA
NA19360,ILLUMINA,Africa,Luhya in Webuye, Kenya
NA19371,ILLUMINA,NA,NA
NA19372,ILLUMINA,Africa,Luhya in Webuye, Kenya
NA19375,ILLUMINA,Africa,Luhya in Webuye, Kenya
NA19376,ILLUMINA,Africa,Luhya in Webuye, Kenya
NA19377,ILLUMINA,Africa,Luhya in Webuye, Kenya
NA19379,ILLUMINA,Africa,Luhya in Webuye, Kenya
NA19381,ILLUMINA,NA,NA
NA19382,ILLUMINA,NA,NA
NA19383,ILLUMINA,Africa,Luhya in Webuye, Kenya
NA19384,ILLUMINA,Africa,Luhya in Webuye, Kenya
NA19385,ILLUMINA,Africa,Luhya in Webuye, Kenya
NA19390,ILLUMINA,Africa,Luhya in Webuye, Kenya
NA19391,ILLUMINA,Africa,Luhya in Webuye, Kenya
NA19393,ILLUMINA,Africa,Luhya in Webuye, Kenya
NA19394,ILLUMINA,Africa,Luhya in Webuye, Kenya
NA19395,ILLUMINA,Africa,Luhya in Webuye, Kenya
NA19397,ILLUMINA,Africa,Luhya in Webuye, Kenya
NA19398,ILLUMINA,NA,NA
NA19399,ILLUMINA,Africa,Luhya in Webuye, Kenya
NA19401,ILLUMINA,Africa,Luhya in Webuye, Kenya
NA19404,ILLUMINA,Africa,Luhya in Webuye, Kenya
NA19428,ILLUMINA,Africa,Luhya in Webuye, Kenya
NA20532,ILLUMINA,Europe,Toscani in Italy
NA20814,ILLUMINA,Europe,Toscani in Italy
NA20536,ILLUMINA,Europe,Toscani in Italy
HG00565,ILLUMINA,East Asia,Southern Han Chinese, China
HG00560,ILLUMINA,East Asia,Southern Han Chinese, China
HG00577,ILLUMINA,NA,NA
HG00578,ILLUMINA,NA,NA
HG00592,ILLUMINA,East Asia,Southern Han Chinese, China
HG00593,ILLUMINA,East Asia,Southern Han Chinese, China
HG00596,ILLUMINA,East Asia,Southern Han Chinese, China
HG00404,ILLUMINA,East Asia,Southern Han Chinese, China
HG00610,ILLUMINA,East Asia,Southern Han Chinese, China
HG00611,ILLUMINA,East Asia,Southern Han Chinese, China
HG00625,ILLUMINA,East Asia,Southern Han Chinese, China
HG00635,ILLUMINA,NA,NA
HG00634,ILLUMINA,East Asia,Southern Han Chinese, China
HG00446,ABI_SOLID,East Asia,Southern Han Chinese, China
HG00406,ABI_SOLID,East Asia,Southern Han Chinese, China
HG00407,ABI_SOLID,East Asia,Southern Han Chinese, China
HG00445,ABI_SOLID,East Asia,Southern Han Chinese, China
HG00452,ABI_SOLID,East Asia,Southern Han Chinese, China
HG00457,ABI_SOLID,East Asia,Southern Han Chinese, China
NA20526,ILLUMINA,NA,NA
NA19444,ILLUMINA,NA,NA
NA19434,ILLUMINA,Africa,Luhya in Webuye, Kenya
NA19456,ILLUMINA,Africa,Luhya in Webuye, Kenya
NA18941,ILLUMINA,East Asia,Japanese in Tokyo, Japan
NA19082,ILLUMINA,East Asia,Japanese in Tokyo, Japan
HG00171,ILLUMINA,Europe,Finnish in Finland
HG00174,ILLUMINA,Europe,Finnish in Finland
HG00190,ILLUMINA,Europe,Finnish in Finland
HG00188,ILLUMINA,Europe,Finnish in Finland
HG00189,ILLUMINA,Europe,Finnish in Finland
HG00176,ILLUMINA,Europe,Finnish in Finland
HG00270,ILLUMINA,NA,NA
HG00178,ILLUMINA,Europe,Finnish in Finland
HG00181,ILLUMINA,Europe,Finnish in Finland
HG00266,ILLUMINA,Europe,Finnish in Finland
HG00267,ILLUMINA,Europe,Finnish in Finland
HG00173,ILLUMINA,Europe,Finnish in Finland
HG00177,ILLUMINA,Europe,Finnish in Finland
HG00180,ILLUMINA,Europe,Finnish in Finland
HG00183,ILLUMINA,Europe,Finnish in Finland
HG00179,ILLUMINA,Europe,Finnish in Finland
HG00377,ILLUMINA,NA,NA
HG00380,ILLUMINA,Europe,Finnish in Finland
HG00306,ILLUMINA,Europe,Finnish in Finland
HG00311,ILLUMINA,Europe,Finnish in Finland
HG00312,ILLUMINA,NA,NA
HG00357,ILLUMINA,Europe,Finnish in Finland
HG00361,ILLUMINA,Europe,Finnish in Finland
HG00559,ILLUMINA,East Asia,Southern Han Chinese, China
HG00566,ILLUMINA,East Asia,Southern Han Chinese, China
HG00403,ILLUMINA,East Asia,Southern Han Chinese, China
HG00626,ILLUMINA,East Asia,Southern Han Chinese, China
HG00628,ILLUMINA,East Asia,Southern Han Chinese, China
HG00629,ILLUMINA,East Asia,Southern Han Chinese, China
HG00151,ILLUMINA,Europe,British in England and Scotland
HG00153,ILLUMINA,NA,NA
HG00156,ILLUMINA,NA,NA
HG00098,ILLUMINA,NA,NA
HG00152,ILLUMINA,NA,NA
HG00106,ILLUMINA,Europe,British in England and Scotland
HG00242,ILLUMINA,Europe,British in England and Scotland
HG00114,ILLUMINA,Europe,British in England and Scotland
HG00150,ILLUMINA,Europe,British in England and Scotland
HG00100,ILLUMINA,Europe,British in England and Scotland
HG00142,ILLUMINA,Europe,British in England and Scotland
HG00239,ILLUMINA,Europe,British in England and Scotland
HG00149,ILLUMINA,Europe,British in England and Scotland
HG00141,ILLUMINA,Europe,British in England and Scotland
HG00147,ILLUMINA,NA,NA
HG00112,ILLUMINA,Europe,British in England and Scotland
HG00126,ILLUMINA,Europe,British in England and Scotland
HG00231,ILLUMINA,Europe,British in England and Scotland
HG00244,ILLUMINA,Europe,British in England and Scotland
HG00265,ILLUMINA,Europe,British in England and Scotland
HG00143,ILLUMINA,Europe,British in England and Scotland
HG00144,ILLUMINA,NA,NA
HG00148,ILLUMINA,Europe,British in England and Scotland
HG00118,ILLUMINA,Europe,British in England and Scotland
HG00243,ILLUMINA,Europe,British in England and Scotland
HG00122,ILLUMINA,Europe,British in England and Scotland
HG00247,ILLUMINA,NA,NA
NA18634,ILLUMINA,East Asia,Han Chinese in Beijing, China
NA18625,ILLUMINA,East Asia,Han Chinese in Beijing, China
HG00553,ILLUMINA,America,Puerto Rican in Puerto Rico
HG00637,ILLUMINA,America,Puerto Rican in Puerto Rico
HG00638,ILLUMINA,America,Puerto Rican in Puerto Rico
HG00554,ILLUMINA,America,Puerto Rican in Puerto Rico
HG00640,ILLUMINA,America,Puerto Rican in Puerto Rico
NA12273,ILLUMINA,Europe,Utah residents with Northern and Western European ancestry
NA12272,ILLUMINA,Europe,Utah residents with Northern and Western European ancestry
NA12718,ILLUMINA,Europe,Utah residents with Northern and Western European ancestry
HG00367,ILLUMINA,Europe,Finnish in Finland
HG00182,ILLUMINA,Europe,Finnish in Finland
HG00185,ILLUMINA,Europe,Finnish in Finland
HG00186,ILLUMINA,Europe,Finnish in Finland
HG00187,ILLUMINA,Europe,Finnish in Finland
HG00272,ILLUMINA,Europe,Finnish in Finland
HG00369,ILLUMINA,Europe,Finnish in Finland
HG00373,ILLUMINA,Europe,Finnish in Finland
HG00269,ILLUMINA,Europe,Finnish in Finland
HG00368,ILLUMINA,Europe,Finnish in Finland
NA20798,ILLUMINA,Europe,Toscani in Italy
NA19461,ILLUMINA,Africa,Luhya in Webuye, Kenya
NA19312,ILLUMINA,Africa,Luhya in Webuye, Kenya
NA19453,ILLUMINA,NA,NA
HG00366,ILLUMINA,Europe,Finnish in Finland
HG00308,ILLUMINA,Europe,Finnish in Finland
HG00372,ILLUMINA,Europe,Finnish in Finland
NA20357,ABI_SOLID,Africa,African Ancestry in Southwest US
NA20359,ABI_SOLID,Africa,African Ancestry in Southwest US
NA18528,ABI_SOLID,East Asia,Han Chinese in Beijing, China
NA18531,ABI_SOLID,East Asia,Han Chinese in Beijing, China
NA19352,ABI_SOLID,NA,NA
NA19351,ABI_SOLID,Africa,Luhya in Webuye, Kenya
NA19175,ABI_SOLID,Africa,Yoruba in Ibadan, Nigeria
NA19753,ABI_SOLID,NA,NA
NA19764,ABI_SOLID,America,Mexican Ancestry in Los Angeles, California
NA19374,ILLUMINA,Africa,Luhya in Webuye, Kenya
NA19380,ILLUMINA,Africa,Luhya in Webuye, Kenya
NA19373,ILLUMINA,NA,NA
NA19396,ILLUMINA,NA,NA
NA19403,ILLUMINA,Africa,Luhya in Webuye, Kenya
HG00418,ILLUMINA,NA,NA
HG00419,ILLUMINA,East Asia,Southern Han Chinese, China
HG00421,ILLUMINA,East Asia,Southern Han Chinese, China
HG00422,ILLUMINA,East Asia,Southern Han Chinese, China
HG00427,ILLUMINA,NA,NA
HG00428,ILLUMINA,East Asia,Southern Han Chinese, China
HG00436,ILLUMINA,East Asia,Southern Han Chinese, China
HG00437,ILLUMINA,East Asia,Southern Han Chinese, China
HG00442,ILLUMINA,East Asia,Southern Han Chinese, China
HG00443,ILLUMINA,East Asia,Southern Han Chinese, China
HG00448,ILLUMINA,East Asia,Southern Han Chinese, China
HG00449,ILLUMINA,East Asia,Southern Han Chinese, China
HG00472,ILLUMINA,East Asia,Southern Han Chinese, China
HG00473,ILLUMINA,East Asia,Southern Han Chinese, China
HG00475,ILLUMINA,East Asia,Southern Han Chinese, China
HG00476,ILLUMINA,East Asia,Southern Han Chinese, China
HG00478,ILLUMINA,East Asia,Southern Han Chinese, China
HG00479,ILLUMINA,East Asia,Southern Han Chinese, China
HG00512,ILLUMINA,NA,NA
HG00513,ILLUMINA,East Asia,Southern Han Chinese, China
HG00524,ILLUMINA,East Asia,Southern Han Chinese, China
HG00525,ILLUMINA,East Asia,Southern Han Chinese, China
HG00530,ILLUMINA,East Asia,Southern Han Chinese, China
HG00531,ILLUMINA,East Asia,Southern Han Chinese, China
HG00536,ILLUMINA,East Asia,Southern Han Chinese, China
HG00537,ILLUMINA,East Asia,Southern Han Chinese, China
HG00542,ILLUMINA,East Asia,Southern Han Chinese, China
HG00543,ILLUMINA,East Asia,Southern Han Chinese, China
HG00556,ILLUMINA,East Asia,Southern Han Chinese, China
HG00557,ILLUMINA,East Asia,Southern Han Chinese, China
HG00125,ILLUMINA,Europe,British in England and Scotland
HG00136,ILLUMINA,Europe,British in England and Scotland
HG00137,ILLUMINA,Europe,British in England and Scotland
HG00138,ILLUMINA,Europe,British in England and Scotland
HG00139,ILLUMINA,Europe,British in England and Scotland
HG00140,ILLUMINA,Europe,British in England and Scotland
HG00232,ILLUMINA,Europe,British in England and Scotland
HG00236,ILLUMINA,Europe,British in England and Scotland
HG00237,ILLUMINA,Europe,British in England and Scotland
HG00249,ILLUMINA,NA,NA
HG00252,ILLUMINA,Europe,British in England and Scotland
HG00253,ILLUMINA,Europe,British in England and Scotland
HG00254,ILLUMINA,Europe,British in England and Scotland
HG00256,ILLUMINA,Europe,British in England and Scotland
HG00257,ILLUMINA,Europe,British in England and Scotland
HG00259,ILLUMINA,Europe,British in England and Scotland
HG00260,ILLUMINA,Europe,British in England and Scotland
HG00261,ILLUMINA,Europe,British in England and Scotland
HG00263,ILLUMINA,Europe,British in England and Scotland
HG00268,ILLUMINA,Europe,Finnish in Finland
HG00271,ILLUMINA,Europe,Finnish in Finland
HG00273,ILLUMINA,Europe,Finnish in Finland
HG00309,ILLUMINA,Europe,Finnish in Finland
HG00313,ILLUMINA,Europe,Finnish in Finland
HG00315,ILLUMINA,Europe,Finnish in Finland
HG00318,ILLUMINA,Europe,Finnish in Finland
HG00319,ILLUMINA,Europe,Finnish in Finland
HG00320,ILLUMINA,Europe,Finnish in Finland
HG00321,ILLUMINA,Europe,Finnish in Finland
HG00323,ILLUMINA,Europe,Finnish in Finland
HG00327,ILLUMINA,Europe,Finnish in Finland
HG00335,ILLUMINA,Europe,Finnish in Finland
HG00336,ILLUMINA,Europe,Finnish in Finland
HG00337,ILLUMINA,Europe,Finnish in Finland
HG00338,ILLUMINA,Europe,Finnish in Finland
HG00339,ILLUMINA,Europe,Finnish in Finland
HG00342,ILLUMINA,Europe,Finnish in Finland
HG00343,ILLUMINA,Europe,Finnish in Finland
HG00344,ILLUMINA,Europe,Finnish in Finland
HG00345,ILLUMINA,Europe,Finnish in Finland
HG00346,ILLUMINA,Europe,Finnish in Finland
HG00353,ILLUMINA,Europe,Finnish in Finland
NA19081,ILLUMINA,East Asia,Japanese in Tokyo, Japan
NA19080,ILLUMINA,East Asia,Japanese in Tokyo, Japan
NA20766,ILLUMINA,Europe,Toscani in Italy
NA19468,ILLUMINA,Africa,Luhya in Webuye, Kenya
NA19470,ILLUMINA,NA,NA
NA19431,ILLUMINA,Africa,Luhya in Webuye, Kenya
NA19430,ILLUMINA,Africa,Luhya in Webuye, Kenya
HG01356,ILLUMINA,America,Colombian in Medellin, Colombia
HG01357,ILLUMINA,America,Colombian in Medellin, Colombia
HG01377,ILLUMINA,America,Colombian in Medellin, Colombia
HG01378,ILLUMINA,America,Colombian in Medellin, Colombia
HG01383,ILLUMINA,America,Colombian in Medellin, Colombia
HG01384,ILLUMINA,America,Colombian in Medellin, Colombia
HG00375,ILLUMINA,Europe,Finnish in Finland
HG00154,ILLUMINA,Europe,British in England and Scotland
HG00246,ILLUMINA,Europe,British in England and Scotland
HG00250,ILLUMINA,Europe,British in England and Scotland
HG00251,ILLUMINA,Europe,British in England and Scotland
HG00274,ILLUMINA,Europe,Finnish in Finland
HG00275,ILLUMINA,Europe,Finnish in Finland
HG00276,ILLUMINA,Europe,Finnish in Finland
HG00277,ILLUMINA,Europe,Finnish in Finland
HG00278,ILLUMINA,Europe,Finnish in Finland
HG00280,ILLUMINA,Europe,Finnish in Finland
HG00281,ILLUMINA,Europe,Finnish in Finland
HG00282,ILLUMINA,Europe,Finnish in Finland
HG00284,ILLUMINA,Europe,Finnish in Finland
HG00285,ILLUMINA,Europe,Finnish in Finland
HG00310,ILLUMINA,Europe,Finnish in Finland
HG00324,ILLUMINA,Europe,Finnish in Finland
HG00325,ILLUMINA,Europe,Finnish in Finland
HG00326,ILLUMINA,Europe,Finnish in Finland
HG00329,ILLUMINA,Europe,Finnish in Finland
HG00330,ILLUMINA,Europe,Finnish in Finland
HG00331,ILLUMINA,Europe,Finnish in Finland
HG01051,ILLUMINA,America,Puerto Rican in Puerto Rico
HG01052,ILLUMINA,America,Puerto Rican in Puerto Rico
HG01060,ILLUMINA,America,Puerto Rican in Puerto Rico
HG01061,ILLUMINA,America,Puerto Rican in Puerto Rico
HG01069,ILLUMINA,America,Puerto Rican in Puerto Rico
HG01070,ILLUMINA,America,Puerto Rican in Puerto Rico
HG01072,ILLUMINA,America,Puerto Rican in Puerto Rico
HG01073,ILLUMINA,America,Puerto Rican in Puerto Rico
HG01082,ILLUMINA,America,Puerto Rican in Puerto Rico
HG01083,ILLUMINA,America,Puerto Rican in Puerto Rico
HG01334,ILLUMINA,Europe,British in England and Scotland
HG00101,ABI_SOLID,Europe,British in England and Scotland
HG00113,ABI_SOLID,Europe,British in England and Scotland
HG00121,ABI_SOLID,Europe,British in England and Scotland
HG00110,ABI_SOLID,Europe,British in England and Scotland
HG00341,ABI_SOLID,Europe,Finnish in Finland
HG00383,ABI_SOLID,Europe,Finnish in Finland
HG00381,ABI_SOLID,Europe,Finnish in Finland
HG00376,ABI_SOLID,Europe,Finnish in Finland
HG01104,ABI_SOLID,America,Puerto Rican in Puerto Rico
HG00332,ABI_SOLID,Europe,Finnish in Finland
HG00378,ABI_SOLID,Europe,Finnish in Finland
HG00382,ABI_SOLID,Europe,Finnish in Finland
HG01105,ABI_SOLID,America,Puerto Rican in Puerto Rico
HG01085,ABI_SOLID,America,Puerto Rican in Puerto Rico
HG00108,ILLUMINA,Europe,British in England and Scotland
HG00111,ILLUMINA,Europe,British in England and Scotland
HG00328,ILLUMINA,Europe,Finnish in Finland
HG00334,ILLUMINA,Europe,Finnish in Finland
HG01107,ILLUMINA,America,Puerto Rican in Puerto Rico
HG01108,ILLUMINA,America,Puerto Rican in Puerto Rico
HG01170,ILLUMINA,America,Puerto Rican in Puerto Rico
HG01171,ILLUMINA,America,Puerto Rican in Puerto Rico
HG01173,ILLUMINA,America,Puerto Rican in Puerto Rico
HG01174,ILLUMINA,America,Puerto Rican in Puerto Rico
HG01350,ILLUMINA,America,Colombian in Medellin, Colombia
HG01351,ILLUMINA,America,Colombian in Medellin, Colombia
HG01353,ILLUMINA,America,Colombian in Medellin, Colombia
HG01354,ILLUMINA,America,Colombian in Medellin, Colombia
HG01365,ILLUMINA,America,Colombian in Medellin, Colombia
HG01366,ILLUMINA,America,Colombian in Medellin, Colombia
HG01374,ILLUMINA,America,Colombian in Medellin, Colombia
HG01375,ILLUMINA,America,Colombian in Medellin, Colombia
HG01389,ILLUMINA,America,Colombian in Medellin, Colombia
HG01390,ILLUMINA,America,Colombian in Medellin, Colombia
HG00102,ABI_SOLID,Europe,British in England and Scotland
HG00134,ABI_SOLID,NA,NA
HG00109,ABI_SOLID,Europe,British in England and Scotland
HG00135,ABI_SOLID,NA,NA
HG00238,ABI_SOLID,Europe,British in England and Scotland
HG00240,ABI_SOLID,Europe,British in England and Scotland
HG00255,ABI_SOLID,Europe,British in England and Scotland
HG00359,ABI_SOLID,NA,NA
HG01257,ABI_SOLID,America,Colombian in Medellin, Colombia
HG01259,ABI_SOLID,America,Colombian in Medellin, Colombia
HG00360,ABI_SOLID,Europe,Finnish in Finland
NA18606,ILLUMINA,East Asia,Han Chinese in Beijing, China
NA18635,ILLUMINA,East Asia,Han Chinese in Beijing, China
NA18637,ILLUMINA,East Asia,Han Chinese in Beijing, China
HG01133,ILLUMINA,America,Colombian in Medellin, Colombia
HG01134,ILLUMINA,America,Colombian in Medellin, Colombia
HG01136,ILLUMINA,America,Colombian in Medellin, Colombia
HG01125,ILLUMINA,America,Colombian in Medellin, Colombia
HG01137,ILLUMINA,America,Colombian in Medellin, Colombia
HG01149,ILLUMINA,America,Colombian in Medellin, Colombia
HG01124,ILLUMINA,America,Colombian in Medellin, Colombia
HG01140,ILLUMINA,America,Colombian in Medellin, Colombia
HG01148,ILLUMINA,America,Colombian in Medellin, Colombia
HG00362,ABI_SOLID,Europe,Finnish in Finland
HG00364,ABI_SOLID,Europe,Finnish in Finland
HG00384,ABI_SOLID,Europe,Finnish in Finland
HG00145,ILLUMINA,Europe,British in England and Scotland
NA19089,ILLUMINA,East Asia,Japanese in Tokyo, Japan
NA19320,ILLUMINA,Africa,Luhya in Webuye, Kenya
NA19475,ILLUMINA,Africa,Luhya in Webuye, Kenya
NA18864,ILLUMINA,Africa,Yoruba in Ibadan, Nigeria
NA18865,ILLUMINA,Africa,Yoruba in Ibadan, Nigeria
NA18876,ILLUMINA,Africa,Yoruba in Ibadan, Nigeria
NA18877,ILLUMINA,Africa,Yoruba in Ibadan, Nigeria
NA18881,ILLUMINA,Africa,Yoruba in Ibadan, Nigeria
NA18915,ILLUMINA,Africa,Yoruba in Ibadan, Nigeria
NA19037,ILLUMINA,Africa,Luhya in Webuye, Kenya
NA19042,ILLUMINA,Africa,Luhya in Webuye, Kenya
NA20511,ILLUMINA,Europe,Toscani in Italy
NA20762,ILLUMINA,Europe,Toscani in Italy
NA20764,ILLUMINA,Europe,Toscani in Italy
NA12812,LS454,Europe,Utah residents with Northern and Western European ancestry
NA12814,LS454,Europe,Utah residents with Northern and Western European ancestry
NA12815,LS454,Europe,Utah residents with Northern and Western European ancestry
NA12872,LS454,Europe,Utah residents with Northern and Western European ancestry
NA12874,LS454,Europe,Utah residents with Northern and Western European ancestry
NA12873,LS454,Europe,Utah residents with Northern and Western European ancestry
NA06994,ILLUMINA,Europe,Utah residents with Northern and Western European ancestry
NA18968,ILLUMINA,East Asia,Japanese in Tokyo, Japan
NA12813,ILLUMINA,Europe,Utah residents with Northern and Western European ancestry
NA19200,ILLUMINA,Africa,Yoruba in Ibadan, Nigeria
NA18498,ILLUMINA,Africa,Yoruba in Ibadan, Nigeria
NA18522,ILLUMINA,Africa,Yoruba in Ibadan, Nigeria
NA18856,ILLUMINA,Africa,Yoruba in Ibadan, Nigeria
NA11920,ILLUMINA,Europe,Utah residents with Northern and Western European ancestry
NA12155,ILLUMINA,Europe,Utah residents with Northern and Western European ancestry
NA12003,ILLUMINA,Europe,Utah residents with Northern and Western European ancestry
NA11992,ILLUMINA,Europe,Utah residents with Northern and Western European ancestry
NA18489,ILLUMINA,Africa,Yoruba in Ibadan, Nigeria
NA19102,ILLUMINA,Africa,Yoruba in Ibadan, Nigeria
NA18519,ILLUMINA,Africa,Yoruba in Ibadan, Nigeria
NA18960,ILLUMINA,East Asia,Japanese in Tokyo, Japan
NA12045,ILLUMINA,Europe,Utah residents with Northern and Western European ancestry
NA11830,ILLUMINA,Europe,Utah residents with Northern and Western European ancestry
NA11994,ILLUMINA,Europe,Utah residents with Northern and Western European ancestry
NA11918,ILLUMINA,Europe,Utah residents with Northern and Western European ancestry
NA18961,ILLUMINA,East Asia,Japanese in Tokyo, Japan
NA07346,ILLUMINA,NA,NA
NA11831,ILLUMINA,Europe,Utah residents with Northern and Western European ancestry
NA06986,ILLUMINA,Europe,Utah residents with Northern and Western European ancestry
NA11832,ILLUMINA,Europe,Utah residents with Northern and Western European ancestry
NA11829,ILLUMINA,Europe,Utah residents with Northern and Western European ancestry
NA18516,ILLUMINA,Africa,Yoruba in Ibadan, Nigeria
NA18953,ILLUMINA,East Asia,Japanese in Tokyo, Japan
NA18510,ILLUMINA,Africa,Yoruba in Ibadan, Nigeria
NA18853,ILLUMINA,Africa,Yoruba in Ibadan, Nigeria
NA18871,ILLUMINA,Africa,Yoruba in Ibadan, Nigeria
NA18486,ILLUMINA,Africa,Yoruba in Ibadan, Nigeria
NA18499,ILLUMINA,Africa,Yoruba in Ibadan, Nigeria
NA18967,ILLUMINA,East Asia,Japanese in Tokyo, Japan
NA18959,ILLUMINA,East Asia,Japanese in Tokyo, Japan
NA18964,ILLUMINA,East Asia,Japanese in Tokyo, Japan
NA19184,LS454,Africa,Yoruba in Ibadan, Nigeria
NA18975,ILLUMINA,East Asia,Japanese in Tokyo, Japan
NA19119,ILLUMINA,Africa,Yoruba in Ibadan, Nigeria
NA18976,ILLUMINA,East Asia,Japanese in Tokyo, Japan
NA19204,ILLUMINA,Africa,Yoruba in Ibadan, Nigeria
NA18972,ILLUMINA,East Asia,Japanese in Tokyo, Japan
NA18974,ILLUMINA,East Asia,Japanese in Tokyo, Japan
NA19159,ILLUMINA,Africa,Yoruba in Ibadan, Nigeria
NA18969,LS454,East Asia,Japanese in Tokyo, Japan
NA19160,ILLUMINA,Africa,Yoruba in Ibadan, Nigeria
NA19153,ILLUMINA,Africa,Yoruba in Ibadan, Nigeria
NA19207,ILLUMINA,Africa,Yoruba in Ibadan, Nigeria
NA19131,ILLUMINA,Africa,Yoruba in Ibadan, Nigeria
NA18971,ILLUMINA,East Asia,Japanese in Tokyo, Japan
NA19144,ILLUMINA,Africa,Yoruba in Ibadan, Nigeria
NA19209,ILLUMINA,Africa,Yoruba in Ibadan, Nigeria
NA19098,ILLUMINA,Africa,Yoruba in Ibadan, Nigeria
NA19152,ILLUMINA,Africa,Yoruba in Ibadan, Nigeria
NA18981,ILLUMINA,East Asia,Japanese in Tokyo, Japan
NA19116,ILLUMINA,Africa,Yoruba in Ibadan, Nigeria
NA18520,ILLUMINA,Africa,Yoruba in Ibadan, Nigeria
NA19172,ILLUMINA,Africa,Yoruba in Ibadan, Nigeria
NA07347,ILLUMINA,Europe,Utah residents with Northern and Western European ancestry
NA11840,LS454,Europe,Utah residents with Northern and Western European ancestry
NA18979,LS454,East Asia,Japanese in Tokyo, Japan
NA19181,LS454,NA,NA
NA18992,LS454,East Asia,Japanese in Tokyo, Japan
NA18993,LS454,East Asia,Japanese in Tokyo, Japan
NA18994,LS454,East Asia,Japanese in Tokyo, Japan
NA18997,LS454,East Asia,Japanese in Tokyo, Japan
NA18998,LS454,East Asia,Japanese in Tokyo, Japan
NA19001,LS454,East Asia,Japanese in Tokyo, Japan
NA06984,LS454,Europe,Utah residents with Northern and Western European ancestry
NA12154,ILLUMINA,Europe,Utah residents with Northern and Western European ancestry
NA11919,ILLUMINA,Europe,Utah residents with Northern and Western European ancestry
NA19065,ILLUMINA,East Asia,Japanese in Tokyo, Japan
NA12005,ILLUMINA,Europe,Utah residents with Northern and Western European ancestry
NA17969,LS454,NA,NA
NA19350,LS454,Africa,Luhya in Webuye, Kenya
NA19328,LS454,Africa,Luhya in Webuye, Kenya
NA19027,LS454,Africa,Luhya in Webuye, Kenya
NA19028,LS454,Africa,Luhya in Webuye, Kenya
NA19334,LS454,Africa,Luhya in Webuye, Kenya
NA19146,LS454,Africa,Yoruba in Ibadan, Nigeria
NA19149,LS454,Africa,Yoruba in Ibadan, Nigeria
NA19317,LS454,Africa,Luhya in Webuye, Kenya
NA19331,LS454,Africa,Luhya in Webuye, Kenya
NA18957,LS454,East Asia,Japanese in Tokyo, Japan
NA19150,LS454,NA,NA
NA19121,LS454,Africa,Yoruba in Ibadan, Nigeria
NA19122,LS454,NA,NA
NA12760,ABI_SOLID,Europe,Utah residents with Northern and Western European ancestry
NA18970,LS454,East Asia,Japanese in Tokyo, Japan
NA19141,LS454,Africa,Yoruba in Ibadan, Nigeria
NA19143,LS454,Africa,Yoruba in Ibadan, Nigeria
NA18939,LS454,East Asia,Japanese in Tokyo, Japan
NA18955,LS454,NA,NA
NA18157,LS454,NA,NA
NA18160,LS454,NA,NA
NA18161,LS454,NA,NA
NA19324,LS454,Africa,Luhya in Webuye, Kenya
NA17971,LS454,NA,NA
NA19031,LS454,Africa,Luhya in Webuye, Kenya
NA17963,LS454,NA,NA
NA17965,LS454,NA,NA
NA17967,LS454,NA,NA
NA19346,LS454,Africa,Luhya in Webuye, Kenya
NA19347,LS454,Africa,Luhya in Webuye, Kenya
NA19035,LS454,Africa,Luhya in Webuye, Kenya
NA19041,LS454,Africa,Luhya in Webuye, Kenya
NA17980,LS454,NA,NA
NA17981,LS454,NA,NA
NA17982,LS454,NA,NA
NA17983,LS454,NA,NA
NA17988,LS454,NA,NA
NA18151,LS454,NA,NA
NA18152,LS454,NA,NA
NA18156,LS454,NA,NA
NA18155,LS454,NA,NA
NA18163,LS454,NA,NA
NA18166,LS454,NA,NA
NA17976,LS454,NA,NA
NA18124,LS454,NA,NA
NA18132,LS454,NA,NA
NA18134,LS454,NA,NA
NA18122,LS454,NA,NA
NA18127,LS454,NA,NA
NA18117,LS454,NA,NA
NA12762,ABI_SOLID,Europe,Utah residents with Northern and Western European ancestry
NA17962,LS454,NA,NA
NA18146,LS454,NA,NA
NA17977,LS454,NA,NA
NA19046,LS454,NA,NA
NA18115,LS454,NA,NA
NA18108,LS454,NA,NA
NA18130,LS454,NA,NA
NA18103,LS454,NA,NA
NA19473,LS454,Africa,Luhya in Webuye, Kenya
NA18149,LS454,NA,NA
NA18541,LS454,East Asia,Han Chinese in Beijing, China
NA18644,LS454,East Asia,Han Chinese in Beijing, China
NA18648,LS454,East Asia,Han Chinese in Beijing, China
NA17979,LS454,NA,NA
NA18535,LS454,East Asia,Han Chinese in Beijing, China
NA19068,ILLUMINA,East Asia,Japanese in Tokyo, Japan
NA18707,ILLUMINA,NA,NA
NA18950,ILLUMINA,East Asia,Japanese in Tokyo, Japan
NA19000,ILLUMINA,East Asia,Japanese in Tokyo, Japan
NA19213,ILLUMINA,Africa,Yoruba in Ibadan, Nigeria
NA19058,ILLUMINA,East Asia,Japanese in Tokyo, Japan
NA19064,ILLUMINA,East Asia,Japanese in Tokyo, Japan
NA19067,ILLUMINA,East Asia,Japanese in Tokyo, Japan
NA18908,ILLUMINA,Africa,Yoruba in Ibadan, Nigeria
NA19247,ILLUMINA,Africa,Yoruba in Ibadan, Nigeria
NA19059,ILLUMINA,East Asia,Japanese in Tokyo, Japan
NA18488,ILLUMINA,Africa,Yoruba in Ibadan, Nigeria
NA18487,ILLUMINA,NA,NA
NA18868,ILLUMINA,Africa,Yoruba in Ibadan, Nigeria
NA19092,ILLUMINA,Africa,Yoruba in Ibadan, Nigeria
NA18757,ILLUMINA,East Asia,Han Chinese in Beijing, China
NA18867,ILLUMINA,Africa,Yoruba in Ibadan, Nigeria
NA18745,ILLUMINA,East Asia,Han Chinese in Beijing, China
NA18669,ILLUMINA,NA,NA
NA18702,ILLUMINA,NA,NA
NA07048,ILLUMINA,Europe,Utah residents with Northern and Western European ancestry
NA18164,ILLUMINA,NA,NA
NA18740,ILLUMINA,East Asia,Han Chinese in Beijing, China
NA18647,ILLUMINA,East Asia,Han Chinese in Beijing, China
NA18747,ILLUMINA,East Asia,Han Chinese in Beijing, China
NA19062,ILLUMINA,East Asia,Japanese in Tokyo, Japan
NA19060,ILLUMINA,East Asia,Japanese in Tokyo, Japan
NA19236,ILLUMINA,Africa,Yoruba in Ibadan, Nigeria
NA19070,ILLUMINA,East Asia,Japanese in Tokyo, Japan
NA19130,ILLUMINA,Africa,Yoruba in Ibadan, Nigeria
NA19007,ILLUMINA,East Asia,Japanese in Tokyo, Japan
NA18999,ILLUMINA,East Asia,Japanese in Tokyo, Japan
NA18685,ILLUMINA,NA,NA
NA18145,ILLUMINA,NA,NA
NA18692,ILLUMINA,NA,NA
NA18697,ILLUMINA,NA,NA
NA18694,ILLUMINA,NA,NA
NA18116,ILLUMINA,NA,NA
NA18123,ILLUMINA,NA,NA
NA18119,ILLUMINA,NA,NA
NA18985,ILLUMINA,East Asia,Japanese in Tokyo, Japan
NA18986,ILLUMINA,East Asia,Japanese in Tokyo, Japan
NA19248,ILLUMINA,Africa,Yoruba in Ibadan, Nigeria
NA19235,ILLUMINA,Africa,Yoruba in Ibadan, Nigeria
NA19057,ILLUMINA,East Asia,Japanese in Tokyo, Japan
NA19063,ILLUMINA,East Asia,Japanese in Tokyo, Japan
NA18640,ILLUMINA,East Asia,Han Chinese in Beijing, China
NA18910,ILLUMINA,Africa,Yoruba in Ibadan, Nigeria
NA19003,ILLUMINA,East Asia,Japanese in Tokyo, Japan
NA19056,ILLUMINA,East Asia,Japanese in Tokyo, Japan
NA19055,ILLUMINA,East Asia,Japanese in Tokyo, Japan
NA18874,ILLUMINA,Africa,Yoruba in Ibadan, Nigeria
NA18708,ILLUMINA,NA,NA
NA19012,ILLUMINA,East Asia,Japanese in Tokyo, Japan
NA18642,ILLUMINA,East Asia,Han Chinese in Beijing, China
NA18982,ILLUMINA,East Asia,Japanese in Tokyo, Japan
NA18675,ILLUMINA,NA,NA
NA18113,ILLUMINA,NA,NA
NA18704,ILLUMINA,NA,NA
NA18689,ILLUMINA,NA,NA
NA18699,ILLUMINA,NA,NA
NA19551,ILLUMINA,NA,NA
NA20780,ILLUMINA,NA,NA
NA19563,ILLUMINA,NA,NA
NA19573,ILLUMINA,NA,NA
NA19565,ILLUMINA,NA,NA
NA19564,ILLUMINA,NA,NA
NA19552,ILLUMINA,NA,NA
NA20587,ILLUMINA,Europe,Toscani in Italy
NA19553,ILLUMINA,NA,NA
NA19574,ILLUMINA,NA,NA
NA18691,ILLUMINA,NA,NA
NA18696,ILLUMINA,NA,NA
NA19572,ILLUMINA,NA,NA
NA19568,ILLUMINA,NA,NA
NA19548,ILLUMINA,NA,NA
NA18674,ILLUMINA,NA,NA
NA18983,ILLUMINA,East Asia,Japanese in Tokyo, Japan
NA18984,ILLUMINA,East Asia,Japanese in Tokyo, Japan
NA18645,ILLUMINA,East Asia,Han Chinese in Beijing, China
NA19066,ILLUMINA,East Asia,Japanese in Tokyo, Japan
NA19054,ILLUMINA,East Asia,Japanese in Tokyo, Japan
NA19560,ILLUMINA,NA,NA
NA19561,ILLUMINA,NA,NA
NA19558,ILLUMINA,NA,NA
NA19556,ILLUMINA,NA,NA
NA19546,ILLUMINA,NA,NA
NA19570,ILLUMINA,NA,NA
NA18989,ILLUMINA,East Asia,Japanese in Tokyo, Japan
NA18988,ILLUMINA,East Asia,Japanese in Tokyo, Japan
NA19182,LS454,NA,NA
NA19185,LS454,Africa,Yoruba in Ibadan, Nigeria
NA19214,LS454,Africa,Yoruba in Ibadan, Nigeria
NA18962,LS454,East Asia,Japanese in Tokyo, Japan
NA06989,LS454,Europe,Utah residents with Northern and Western European ancestry
NA12058,LS454,Europe,Utah residents with Northern and Western European ancestry
NA12340,LS454,Europe,Utah residents with Northern and Western European ancestry
NA12341,LS454,Europe,Utah residents with Northern and Western European ancestry
NA12342,LS454,Europe,Utah residents with Northern and Western European ancestry
NA19118,LS454,Africa,Yoruba in Ibadan, Nigeria
NA19020,LS454,Africa,Luhya in Webuye, Kenya
NA17987,LS454,NA,NA
NA18133,LS454,NA,NA
NA18106,LS454,NA,NA
NA19471,LS454,Africa,Luhya in Webuye, Kenya
NA18107,LS454,NA,NA
NA19472,LS454,Africa,Luhya in Webuye, Kenya
NA18763,LS454,NA,NA
NA18764,LS454,NA,NA
NA18767,LS454,NA,NA
NA18771,LS454,NA,NA
NA18580,LS454,NA,NA
NA18583,LS454,NA,NA
NA18649,LS454,NA,NA
NA18739,LS454,NA,NA
NA18741,LS454,NA,NA
NA18753,LS454,NA,NA
NA18755,LS454,NA,NA
NA18760,LS454,NA,NA
NA18743,LS454,NA,NA
NA18756,LS454,NA,NA
NA18758,LS454,NA,NA
NA19030,LS454,Africa,Luhya in Webuye, Kenya
NA17990,LS454,NA,NA
NA18141,LS454,NA,NA
NA19454,LS454,Africa,Luhya in Webuye, Kenya
NA19095,LS454,Africa,Yoruba in Ibadan, Nigeria
NA19096,LS454,Africa,Yoruba in Ibadan, Nigeria
NA19113,LS454,Africa,Yoruba in Ibadan, Nigeria
NA18995,LS454,East Asia,Japanese in Tokyo, Japan
NA19196,LS454,NA,NA
NA18770,LS454,NA,NA
NA19402,LS454,NA,NA
NA19163,LS454,NA,NA
NA19156,LS454,NA,NA
NA19229,LS454,NA,NA
NA18873,ILLUMINA,Africa,Yoruba in Ibadan, Nigeria
NA18749,ILLUMINA,East Asia,Han Chinese in Beijing, China
NA18138,LS454,NA,NA
NA18574,LS454,East Asia,Han Chinese in Beijing, China
NA19432,LS454,NA,NA
NA19266,LS454,NA,NA
NA19253,LS454,NA,NA
NA19262,LS454,NA,NA
NA17986,LS454,NA,NA
NA19179,LS454,NA,NA
NA18105,LS454,NA,NA
NA18112,LS454,NA,NA
NA18525,LS454,East Asia,Han Chinese in Beijing, China
NA18560,LS454,East Asia,Han Chinese in Beijing, China
NA18569,LS454,NA,NA
NA18598,LS454,NA,NA
NA18742,LS454,NA,NA
NA18744,LS454,NA,NA
NA18779,LS454,NA,NA
NA18791,LS454,NA,NA
NA18629,LS454,East Asia,Han Chinese in Beijing, China
NA18646,LS454,East Asia,Han Chinese in Beijing, China
NA19039,LS454,NA,NA
NA19043,LS454,Africa,Luhya in Webuye, Kenya
NA19026,LS454,Africa,Luhya in Webuye, Kenya
NA19022,LS454,NA,NA
NA17989,LS454,NA,NA
NA19135,LS454,NA,NA
NA19157,LS454,NA,NA
NA19187,LS454,NA,NA
NA19392,LS454,NA,NA
NA18140,LS454,NA,NA
NA19133,LS454,NA,NA
NA18785,LS454,NA,NA
NA18109,LS454,NA,NA
NA19308,LS454,Africa,Luhya in Webuye, Kenya
NA18765,LS454,NA,NA
NA18773,LS454,NA,NA
NA12400,ILLUMINA,Europe,Utah residents with Northern and Western European ancestry
NA18917,ILLUMINA,Africa,Yoruba in Ibadan, Nigeria
NA18923,ILLUMINA,Africa,Yoruba in Ibadan, Nigeria
NA18924,ILLUMINA,Africa,Yoruba in Ibadan, Nigeria
NA19198,ILLUMINA,Africa,Yoruba in Ibadan, Nigeria
NA18933,ILLUMINA,Africa,Yoruba in Ibadan, Nigeria
NA11843,ILLUMINA,Europe,Utah residents with Northern and Western European ancestry
NA19004,ILLUMINA,East Asia,Japanese in Tokyo, Japan
NA18934,ILLUMINA,Africa,Yoruba in Ibadan, Nigeria
NA19223,ILLUMINA,Africa,Yoruba in Ibadan, Nigeria
NA19319,LS454,Africa,Luhya in Webuye, Kenya
NA19327,LS454,Africa,Luhya in Webuye, Kenya
NA19332,LS454,Africa,Luhya in Webuye, Kenya
NA19036,LS454,Africa,Luhya in Webuye, Kenya
NA19044,LS454,NA,NA
NA18111,LS454,NA,NA
NA18539,LS454,East Asia,Han Chinese in Beijing, China
NA18761,LS454,NA,NA
NA18769,LS454,NA,NA
NA18591,LS454,East Asia,Han Chinese in Beijing, China
NA18778,LS454,NA,NA
NA18538,LS454,East Asia,Han Chinese in Beijing, China
NA18533,LS454,East Asia,Han Chinese in Beijing, China
NA19474,LS454,Africa,Luhya in Webuye, Kenya
NA19045,LS454,NA,NA
NA18790,LS454,NA,NA
NA19250,LS454,NA,NA
NA19220,LS454,NA,NA
NA19168,LS454,NA,NA
NA19162,LS454,NA,NA
NA19117,LS454,Africa,Yoruba in Ibadan, Nigeria
NA19318,LS454,Africa,Luhya in Webuye, Kenya
NA19321,LS454,Africa,Luhya in Webuye, Kenya
NA19307,LS454,Africa,Luhya in Webuye, Kenya
NA18110,LS454,NA,NA
NA18789,LS454,NA,NA
NA19023,LS454,Africa,Luhya in Webuye, Kenya
NA19195,LS454,NA,NA
NA18794,LS454,NA,NA
NA19259,LS454,NA,NA
NA19260,LS454,NA,NA
NA19378,LS454,Africa,Luhya in Webuye, Kenya
NA19310,LS454,Africa,Luhya in Webuye, Kenya
NA19197,ILLUMINA,Africa,Yoruba in Ibadan, Nigeria
NA19086,ILLUMINA,East Asia,Japanese in Tokyo, Japan
NA12399,ILLUMINA,Europe,Utah residents with Northern and Western European ancestry
NA19166,LS454,NA,NA
NA19216,LS454,NA,NA
NA19217,LS454,NA,NA
NA19228,LS454,NA,NA
NA19124,LS454,NA,NA
NA18768,LS454,NA,NA
NA19309,LS454,Africa,Luhya in Webuye, Kenya
NA07345,LS454,NA,NA
NA19316,LS454,Africa,Luhya in Webuye, Kenya
NA19338,LS454,Africa,Luhya in Webuye, Kenya
NA19019,LS454,Africa,Luhya in Webuye, Kenya
NA19315,LS454,Africa,Luhya in Webuye, Kenya
NA18759,LS454,NA,NA
NA18781,LS454,NA,NA
NA19125,LS454,NA,NA
NA18921,LS454,NA,NA
NA19914,ILLUMINA,Africa,African Ancestry in Southwest US
NA19904,ILLUMINA,Africa,African Ancestry in Southwest US
NA19901,ILLUMINA,Africa,African Ancestry in Southwest US
NA19908,ILLUMINA,Africa,African Ancestry in Southwest US
NA19921,ILLUMINA,Africa,African Ancestry in Southwest US
NA19917,ILLUMINA,Africa,African Ancestry in Southwest US
NA19920,ILLUMINA,Africa,African Ancestry in Southwest US
NA19909,ILLUMINA,Africa,African Ancestry in Southwest US
NA19916,ILLUMINA,Africa,African Ancestry in Southwest US
NA19703,ILLUMINA,Africa,African Ancestry in Southwest US
NA19704,ILLUMINA,Africa,African Ancestry in Southwest US
NA19707,ILLUMINA,Africa,African Ancestry in Southwest US
NA19701,ILLUMINA,Africa,African Ancestry in Southwest US
NA19982,ILLUMINA,Africa,African Ancestry in Southwest US
NA19625,ILLUMINA,Africa,African Ancestry in Southwest US
NA19712,ILLUMINA,Africa,African Ancestry in Southwest US
NA18567,ILLUMINA,East Asia,Han Chinese in Beijing, China
NA18565,ILLUMINA,East Asia,Han Chinese in Beijing, China
NA18553,ILLUMINA,East Asia,Han Chinese in Beijing, China
NA19711,ILLUMINA,Africa,African Ancestry in Southwest US
NA19700,ILLUMINA,Africa,African Ancestry in Southwest US
NA19725,ILLUMINA,America,Mexican Ancestry in Los Angeles, California
NA19723,ILLUMINA,America,Mexican Ancestry in Los Angeles, California
NA19722,ILLUMINA,America,Mexican Ancestry in Los Angeles, California
NA19726,ILLUMINA,America,Mexican Ancestry in Los Angeles, California
NA18527,ABI_SOLID,NA,NA
NA19660,ILLUMINA,NA,NA
NA19684,ILLUMINA,America,Mexican Ancestry in Los Angeles, California
NA19661,ILLUMINA,America,Mexican Ancestry in Los Angeles, California
NA19720,ILLUMINA,America,Mexican Ancestry in Los Angeles, California
NA19678,ILLUMINA,America,Mexican Ancestry in Los Angeles, California
NA19685,ILLUMINA,NA,NA
HG00160,ILLUMINA,Europe,British in England and Scotland
HG00116,ILLUMINA,Europe,British in England and Scotland
HG00133,ILLUMINA,Europe,British in England and Scotland
HG00131,ILLUMINA,Europe,British in England and Scotland
HG00158,ILLUMINA,Europe,British in England and Scotland
HG00146,ILLUMINA,Europe,British in England and Scotland
HG00155,ILLUMINA,Europe,British in England and Scotland
NA18639,ABI_SOLID,East Asia,Han Chinese in Beijing, China
NA20339,ABI_SOLID,Africa,African Ancestry in Southwest US
NA20414,ABI_SOLID,NA,NA
NA19818,ILLUMINA,Africa,African Ancestry in Southwest US
NA19713,ILLUMINA,Africa,African Ancestry in Southwest US
NA19900,ILLUMINA,Africa,African Ancestry in Southwest US
NA19835,ILLUMINA,Africa,African Ancestry in Southwest US
NA19834,ILLUMINA,Africa,African Ancestry in Southwest US
NA19819,ILLUMINA,Africa,African Ancestry in Southwest US
NA19923,ABI_SOLID,Africa,African Ancestry in Southwest US
NA19672,ABI_SOLID,NA,NA
NA19738,ABI_SOLID,NA,NA
NA20351,ABI_SOLID,Africa,African Ancestry in Southwest US
NA20412,ABI_SOLID,Africa,African Ancestry in Southwest US
NA19794,ABI_SOLID,America,Mexican Ancestry in Los Angeles, California
NA19734,ABI_SOLID,America,Mexican Ancestry in Los Angeles, California
NA19737,ABI_SOLID,NA,NA
NA19735,ABI_SOLID,America,Mexican Ancestry in Los Angeles, California
NA19038,ABI_SOLID,Africa,Luhya in Webuye, Kenya
NA19795,ABI_SOLID,America,Mexican Ancestry in Los Angeles, California
HG00104,ABI_SOLID,NA,NA
NA19740,ABI_SOLID,America,Mexican Ancestry in Los Angeles, California
HG00099,ABI_SOLID,Europe,British in England and Scotland
NA19984,ABI_SOLID,Africa,African Ancestry in Southwest US
NA19752,ABI_SOLID,America,Mexican Ancestry in Los Angeles, California
NA19741,ABI_SOLID,America,Mexican Ancestry in Los Angeles, California
HG00097,ABI_SOLID,Europe,British in England and Scotland
HG00234,ABI_SOLID,Europe,British in England and Scotland
HG00128,ABI_SOLID,Europe,British in England and Scotland
HG00130,ABI_SOLID,Europe,British in England and Scotland
HG00129,ABI_SOLID,Europe,British in England and Scotland
HG00351,ABI_SOLID,Europe,Finnish in Finland
NA19655,ILLUMINA,America,Mexican Ancestry in Los Angeles, California
NA19654,ILLUMINA,America,Mexican Ancestry in Los Angeles, California
HG00262,ILLUMINA,Europe,British in England and Scotland
HG00245,ILLUMINA,Europe,British in England and Scotland
HG00258,ILLUMINA,Europe,British in England and Scotland
HG00119,ILLUMINA,Europe,British in England and Scotland
HG00264,ILLUMINA,Europe,British in England and Scotland
HG00124,ILLUMINA,NA,NA
HG00123,ILLUMINA,Europe,British in England and Scotland
HG00159,ILLUMINA,Europe,British in England and Scotland
HG00117,ILLUMINA,Europe,British in England and Scotland
HG00120,ILLUMINA,Europe,British in England and Scotland
NA19651,ILLUMINA,America,Mexican Ancestry in Los Angeles, California
NA19649,ILLUMINA,America,Mexican Ancestry in Los Angeles, California
NA19648,ILLUMINA,America,Mexican Ancestry in Los Angeles, California
NA19652,ILLUMINA,America,Mexican Ancestry in Los Angeles, California
HG00358,ABI_SOLID,Europe,Finnish in Finland
HG00356,ABI_SOLID,Europe,Finnish in Finland
HG00350,ABI_SOLID,Europe,Finnish in Finland
HG00355,ABI_SOLID,Europe,Finnish in Finland
HG00235,ABI_SOLID,Europe,British in England and Scotland
HG00349,ABI_SOLID,Europe,Finnish in Finland
NA20363,ABI_SOLID,NA,NA
NA19675,ILLUMINA,NA,NA
NA19676,ILLUMINA,America,Mexican Ancestry in Los Angeles, California
NA19679,ILLUMINA,America,Mexican Ancestry in Los Angeles, California
NA19716,ILLUMINA,America,Mexican Ancestry in Los Angeles, California
NA19717,ILLUMINA,America,Mexican Ancestry in Los Angeles, California
NA19719,ILLUMINA,America,Mexican Ancestry in Los Angeles, California
NA19681,ILLUMINA,America,Mexican Ancestry in Los Angeles, California
NA19682,ILLUMINA,America,Mexican Ancestry in Los Angeles, California
NA20346,ILLUMINA,Africa,African Ancestry in Southwest US
NA20341,ILLUMINA,NA,NA
NA20291,ILLUMINA,Africa,African Ancestry in Southwest US
NA20294,ILLUMINA,Africa,African Ancestry in Southwest US
NA20317,ILLUMINA,Africa,African Ancestry in Southwest US
NA20126,ILLUMINA,Africa,African Ancestry in Southwest US
NA20278,ILLUMINA,Africa,African Ancestry in Southwest US
NA20314,ILLUMINA,Africa,African Ancestry in Southwest US
NA20344,ILLUMINA,NA,NA
NA20281,ILLUMINA,Africa,African Ancestry in Southwest US
NA20287,ILLUMINA,Africa,African Ancestry in Southwest US
NA20356,ILLUMINA,Africa,African Ancestry in Southwest US
NA20296,ILLUMINA,Africa,African Ancestry in Southwest US
NA20332,ILLUMINA,Africa,African Ancestry in Southwest US
NA20276,ILLUMINA,Africa,African Ancestry in Southwest US
NA20282,ILLUMINA,Africa,African Ancestry in Southwest US
NA19985,ILLUMINA,NA,NA
NA20336,ILLUMINA,NA,NA
NA20322,ILLUMINA,NA,NA
NA20289,ILLUMINA,Africa,African Ancestry in Southwest US
NA20299,ILLUMINA,Africa,African Ancestry in Southwest US
NA20334,ILLUMINA,Africa,African Ancestry in Southwest US
NA20127,ILLUMINA,Africa,African Ancestry in Southwest US
NA20342,ILLUMINA,Africa,African Ancestry in Southwest US
NA20340,ILLUMINA,Africa,African Ancestry in Southwest US
NA20348,ILLUMINA,Africa,African Ancestry in Southwest US
HG00096,ILLUMINA,Europe,British in England and Scotland
HG00127,ILLUMINA,Europe,British in England and Scotland
HG00103,ILLUMINA,Europe,British in England and Scotland
HG00233,ILLUMINA,Europe,British in England and Scotland
HG01098,ILLUMINA,America,Puerto Rican in Puerto Rico
HG01097,ILLUMINA,America,Puerto Rican in Puerto Rico
HG01253,ILLUMINA,America,Colombian in Medellin, Colombia
HG01254,ILLUMINA,America,Colombian in Medellin, Colombia
HG01251,ILLUMINA,America,Colombian in Medellin, Colombia
HG01250,ILLUMINA,America,Colombian in Medellin, Colombia
HG01112,ILLUMINA,America,Colombian in Medellin, Colombia
HG01494,ILLUMINA,America,Colombian in Medellin, Colombia
HG01497,ILLUMINA,America,Colombian in Medellin, Colombia
HG01456,ILLUMINA,America,Colombian in Medellin, Colombia
HG01550,ILLUMINA,America,Colombian in Medellin, Colombia
HG01498,ILLUMINA,America,Colombian in Medellin, Colombia
HG01360,ILLUMINA,America,Colombian in Medellin, Colombia
HG01113,ILLUMINA,America,Colombian in Medellin, Colombia
HG01551,ILLUMINA,America,Colombian in Medellin, Colombia
HG01455,ILLUMINA,America,Colombian in Medellin, Colombia
HG01518,ILLUMINA,Europe,Iberian populations in Spain
HG01516,ILLUMINA,Europe,Iberian populations in Spain
HG01515,ILLUMINA,Europe,Iberian populations in Spain
HG01519,ILLUMINA,Europe,Iberian populations in Spain
HG01521,ILLUMINA,Europe,Iberian populations in Spain
NA19777,ILLUMINA,America,Mexican Ancestry in Los Angeles, California
NA19779,ILLUMINA,America,Mexican Ancestry in Los Angeles, California
NA19780,ILLUMINA,America,Mexican Ancestry in Los Angeles, California
NA19782,ILLUMINA,America,Mexican Ancestry in Los Angeles, California
NA19783,ILLUMINA,America,Mexican Ancestry in Los Angeles, California
NA19788,ILLUMINA,America,Mexican Ancestry in Los Angeles, California
NA19789,ILLUMINA,America,Mexican Ancestry in Los Angeles, California
NA19776,ILLUMINA,America,Mexican Ancestry in Los Angeles, California
NA19758,ILLUMINA,America,Mexican Ancestry in Los Angeles, California
NA19747,ILLUMINA,America,Mexican Ancestry in Los Angeles, California
NA19732,ILLUMINA,America,Mexican Ancestry in Los Angeles, California
NA19731,ILLUMINA,America,Mexican Ancestry in Los Angeles, California
NA19746,ILLUMINA,America,Mexican Ancestry in Los Angeles, California
NA19750,ILLUMINA,America,Mexican Ancestry in Los Angeles, California
NA19762,ILLUMINA,America,Mexican Ancestry in Los Angeles, California
NA19755,ILLUMINA,America,Mexican Ancestry in Los Angeles, California
NA19728,ILLUMINA,America,Mexican Ancestry in Los Angeles, California
NA19770,ILLUMINA,America,Mexican Ancestry in Los Angeles, California
NA19771,ILLUMINA,America,Mexican Ancestry in Los Angeles, California
NA19761,ILLUMINA,America,Mexican Ancestry in Los Angeles, California
NA19759,ILLUMINA,America,Mexican Ancestry in Los Angeles, California
NA19729,ILLUMINA,America,Mexican Ancestry in Los Angeles, California
NA19786,ILLUMINA,America,Mexican Ancestry in Los Angeles, California
NA19785,ILLUMINA,America,Mexican Ancestry in Los Angeles, California
NA19773,ILLUMINA,America,Mexican Ancestry in Los Angeles, California
NA19756,ILLUMINA,America,Mexican Ancestry in Los Angeles, California
NA19749,ILLUMINA,America,Mexican Ancestry in Los Angeles, California
NA19774,ILLUMINA,America,Mexican Ancestry in Los Angeles, California
HG01495,ILLUMINA,America,Colombian in Medellin, Colombia
HG01522,ILLUMINA,Europe,Iberian populations in Spain
HG01176,ILLUMINA,America,Puerto Rican in Puerto Rico
HG01075,ILLUMINA,America,Puerto Rican in Puerto Rico
HG01102,ILLUMINA,America,Puerto Rican in Puerto Rico
HG01187,ILLUMINA,America,Puerto Rican in Puerto Rico
HG01101,ILLUMINA,America,Puerto Rican in Puerto Rico
HG01167,ILLUMINA,America,Puerto Rican in Puerto Rico
HG01095,ILLUMINA,America,Puerto Rican in Puerto Rico
HG01183,ILLUMINA,America,Puerto Rican in Puerto Rico
HG01168,ILLUMINA,America,Puerto Rican in Puerto Rico
HG01277,ABI_SOLID,America,Colombian in Medellin, Colombia
HG01618,ABI_SOLID,Europe,Iberian populations in Spain
HG01271,ABI_SOLID,America,Colombian in Medellin, Colombia
HG01278,ABI_SOLID,NA,NA
HG01623,ABI_SOLID,Europe,Iberian populations in Spain
HG01275,ABI_SOLID,America,Colombian in Medellin, Colombia
HG01344,ABI_SOLID,America,Colombian in Medellin, Colombia
HG01272,ABI_SOLID,America,Colombian in Medellin, Colombia
HG01274,ABI_SOLID,NA,NA
HG01617,ABI_SOLID,Europe,Iberian populations in Spain
HG01345,ABI_SOLID,America,Colombian in Medellin, Colombia
HG01620,ABI_SOLID,Europe,Iberian populations in Spain
HG01190,ILLUMINA,America,Puerto Rican in Puerto Rico
HG01198,ILLUMINA,America,Puerto Rican in Puerto Rico
HG01188,ILLUMINA,America,Puerto Rican in Puerto Rico
HG01191,ILLUMINA,America,Puerto Rican in Puerto Rico
HG01197,ILLUMINA,America,Puerto Rican in Puerto Rico
HG01204,ILLUMINA,America,Puerto Rican in Puerto Rico
HG01465,ILLUMINA,America,Colombian in Medellin, Colombia
HG01440,ILLUMINA,America,Colombian in Medellin, Colombia
HG01491,ILLUMINA,America,Colombian in Medellin, Colombia
HG01342,ILLUMINA,America,Colombian in Medellin, Colombia
HG01359,ILLUMINA,America,Colombian in Medellin, Colombia
HG01441,ILLUMINA,America,Colombian in Medellin, Colombia
HG01437,ILLUMINA,America,Colombian in Medellin, Colombia
HG01488,ILLUMINA,America,Colombian in Medellin, Colombia
HG01492,ILLUMINA,America,Colombian in Medellin, Colombia
HG01489,ILLUMINA,America,Colombian in Medellin, Colombia
HG01462,ILLUMINA,America,Colombian in Medellin, Colombia
HG01461,ILLUMINA,America,Colombian in Medellin, Colombia
NA19663,ILLUMINA,America,Mexican Ancestry in Los Angeles, California
NA19657,ILLUMINA,America,Mexican Ancestry in Los Angeles, California
NA19664,ILLUMINA,America,Mexican Ancestry in Los Angeles, California
HG00732,ILLUMINA,America,Puerto Rican in Puerto Rico
HG00734,ILLUMINA,America,Puerto Rican in Puerto Rico
HG01048,ILLUMINA,America,Puerto Rican in Puerto Rico
HG01080,ILLUMINA,America,Puerto Rican in Puerto Rico
HG01047,ILLUMINA,America,Puerto Rican in Puerto Rico
HG01055,ILLUMINA,America,Puerto Rican in Puerto Rico
HG01066,ILLUMINA,America,Puerto Rican in Puerto Rico
HG00737,ILLUMINA,America,Puerto Rican in Puerto Rico
HG00641,ILLUMINA,America,Puerto Rican in Puerto Rico
HG00740,ILLUMINA,America,Puerto Rican in Puerto Rico
HG01079,ILLUMINA,America,Puerto Rican in Puerto Rico
HG00731,ILLUMINA,America,Puerto Rican in Puerto Rico
HG00736,ILLUMINA,America,Puerto Rican in Puerto Rico
HG01067,ILLUMINA,America,Puerto Rican in Puerto Rico
HG01619,ABI_SOLID,Europe,Iberian populations in Spain
NA19922,ABI_SOLID,Africa,African Ancestry in Southwest US
NA20298,ABI_SOLID,Africa,African Ancestry in Southwest US
HG01625,ABI_SOLID,Europe,Iberian populations in Spain
HG01624,ABI_SOLID,Europe,Iberian populations in Spain
HG01626,ABI_SOLID,Europe,Iberian populations in Spain
